{
  "Abkhazia": 1656.0,
  "Afghanistan": 1135.0,
  "Albania": 1728.5,
  "Alderney": 1057.1,
  "Algeria": 1959.1854804759778,
  "Ambazonia": 1356.2,
  "American Samoa": 813.7,
  "Andalusia": 1638.7,
  "Andorra": 1106.1,
  "Angola": 1560.4,
  "Anguilla": 774.1,
  "Antigua and Barbuda": 970.4,
  "Arameans Suryoye": 1572.1,
  "Argentina": 2271.071668605398,
  "Armenia": 1448.5,
  "Artsakh": 1571.6,
  "Aruba": 1147.5,
  "Asturias": 1529.4,
  "Australia": 1991.191343807001,
  "Austria": 1955.5618839988854,
  "Aymara": 1445.1,
  "Azerbaijan": 1382.1,
  "Bahamas": 781.8,
  "Bahrain": 1492.8,
  "Bangladesh": 1073.2,
  "Barawa": 1322.3,
  "Barbados": 1025.1,
  "Basque Country": 1903.5,
  "Belarus": 1639.6,
  "Belgium": 2044.4260852347247,
  "Belize": 1212.3,
  "Benin": 1586.6,
  "Bermuda": 1309.9,
  "Bhutan": 807.9,
  "Biafra": 1526.2,
  "Bolivia": 1810.0,
  "Bonaire": 1005.4,
  "Bosnia and Herzegovina": 1744.3,
  "Botswana": 1355.3,
  "Brazil": 2170.8248100697074,
  "British Virgin Islands": 931.2,
  "Brittany": 1513.7,
  "Brunei": 809.4,
  "Bulgaria": 1583.4,
  "Burkina Faso": 1688.4,
  "Burundi": 1324.3,
  "Cambodia": 998.4,
  "Cameroon": 1770.1,
  "Canada": 1966.9003319750443,
  "Canary Islands": 1533.0,
  "Cape Verde": 1704.5,
  "Cascadia": 1564.6,
  "Catalonia": 1742.1,
  "Cayman Islands": 931.2,
  "Central African Republic": 1315.6,
  "Central Spain": 1496.6,
  "Chad": 1143.8,
  "Chagos Islands": 1328.8,
  "Chameria": 1562.6,
  "Chechnya": 1441.8,
  "Chile": 1852.6,
  "China": 1578.1,
  "Cilento": 1487.4,
  "Colombia": 2137.169399275345,
  "Comoros": 1469.1,
  "Congo": 1270.7,
  "Cook Islands": 984.1,
  "Corsica": 1584.3,
  "Costa Rica": 1738.1,
  "County of Nice": 1636.4,
  "Crimea": 1516.0,
  "Croatia": 2060.4529758839567,
  "Cuba": 1359.1,
  "Cura\u00e7ao": 1657.8666248264437,
  "Cyprus": 1392.3,
  "Czech Republic": 1818.9764710772415,
  "Czechoslovakia": 1865.2,
  "DR Congo": 1843.9,
  "Darfur": 1245.8,
  "Denmark": 2004.5,
  "Djibouti": 1015.3,
  "Dominica": 1077.3,
  "Dominican Republic": 1451.8,
  "Donetsk PR": 1520.7,
  "D\u00e9lvid\u00e9k": 1492.6,
  "East Turkestan": 1434.9,
  "Ecuador": 2105.6605372361178,
  "Egypt": 1916.039954556208,
  "El Salvador": 1467.2,
  "Elba Island": 1507.8,
  "Ellan Vannin": 1581.9,
  "England": 2222.5482301390552,
  "Equatorial Guinea": 1394.3,
  "Eritrea": 1103.3,
  "Estonia": 1455.8,
  "Eswatini": 1258.7,
  "Ethiopia": 1392.4,
  "Falkland Islands": 1156.6,
  "Faroe Islands": 1566.4,
  "Felvid\u00e9k": 1517.7,
  "Fiji": 1332.0,
  "Finland": 1598.0,
  "France": 2284.8155041329624,
  "Franconia": 1466.3,
  "French Guiana": 1347.7,
  "Fr\u00f8ya": 1120.9,
  "Gabon": 1522.0,
  "Galicia": 1548.4,
  "Gambia": 1564.4,
  "Georgia": 1712.4,
  "German DR": 1779.4,
  "Germany": 2059.3534146189677,
  "Ghana": 1737.6897062007758,
  "Gibraltar": 1073.6,
  "Gotland": 1395.1,
  "Gozo": 1464.2,
  "Greece": 1842.1,
  "Greenland": 1456.8,
  "Grenada": 1264.9,
  "Guadeloupe": 1516.0,
  "Guam": 851.5,
  "Guatemala": 1677.0,
  "Guernsey": 1733.6,
  "Guinea": 1581.1,
  "Guinea-Bissau": 1282.9,
  "Guyana": 1475.5,
  "G\u0103g\u0103uzia": 1401.0,
  "Haiti": 1726.166206318781,
  "Hitra": 1317.2,
  "Hmong": 1448.1,
  "Honduras": 1714.6,
  "Hong Kong": 1259.1,
  "Hungary": 1807.4,
  "Iceland": 1675.8,
  "India": 1129.6,
  "Indonesia": 1538.8,
  "Iran": 1932.1741354070653,
  "Iraq": 1789.3986165183671,
  "Iraqi Kurdistan": 1678.0,
  "Isle of Man": 1731.2,
  "Isle of Wight": 1692.4,
  "Israel": 1771.2,
  "Italy": 1980.2,
  "Ivory Coast": 1920.2361746402867,
  "Jamaica": 1673.5,
  "Japan": 2064.6699340733176,
  "Jersey": 1835.6,
  "Jordan": 1789.9809669197389,
  "Kabylia": 1443.2,
  "Kazakhstan": 1532.9,
  "Kenya": 1457.5,
  "Kernow": 1631.6,
  "Kiribati": 1184.1,
  "Kosovo": 1914.1,
  "Kurdistan": 1597.0,
  "Kuwait": 1460.9,
  "Kyrgyzstan": 1495.4,
  "K\u00e1rp\u00e1talja": 1641.0,
  "Laos": 843.5,
  "Latvia": 1337.3,
  "Lebanon": 1410.1,
  "Lesotho": 1438.8,
  "Liberia": 1456.3,
  "Libya": 1593.3,
  "Liechtenstein": 903.4,
  "Lithuania": 1326.2,
  "Luhansk PR": 1486.9,
  "Luxembourg": 1443.3,
  "Macau": 684.5,
  "Madagascar": 1563.0,
  "Madrid": 1484.2,
  "Malawi": 1403.2,
  "Malaysia": 1483.5,
  "Maldives": 884.1,
  "Mali": 1727.4,
  "Malta": 1418.6,
  "Manchukuo": 1412.5,
  "Mapuche": 1508.4,
  "Marshall Islands": 1373.4,
  "Martinique": 1446.2,
  "Matabeleland": 1480.1,
  "Maule Sur": 1546.5,
  "Mauritania": 1437.0,
  "Mauritius": 1177.5,
  "Mayotte": 1430.0,
  "Menorca": 1550.3,
  "Mexico": 2154.016055829352,
  "Micronesia": 1278.1,
  "Moldova": 1300.2,
  "Monaco": 1448.6,
  "Mongolia": 863.6,
  "Montenegro": 1511.9,
  "Montserrat": 1192.8,
  "Morocco": 2147.254097839598,
  "Mozambique": 1490.4,
  "Myanmar": 1076.3,
  "Namibia": 1369.6,
  "Nepal": 1026.1,
  "Netherlands": 2083.216504003691,
  "New Caledonia": 1566.6,
  "New Zealand": 1718.8598248020023,
  "Nicaragua": 1513.7,
  "Niger": 1583.4,
  "Nigeria": 1992.4,
  "Niue": 1426.2,
  "North Korea": 1458.1,
  "North Macedonia": 1690.3,
  "North Vietnam": 1491.0,
  "Northern Cyprus": 1739.3,
  "Northern Ireland": 1718.8,
  "Northern Mariana Islands": 846.7,
  "Norway": 2149.622557728028,
  "Occitania": 1737.9,
  "Oman": 1573.9,
  "Orkney": 1386.1,
  "Padania": 1690.4,
  "Pakistan": 1032.5,
  "Palau": 1396.2,
  "Palestine": 1638.9,
  "Panama": 1859.4090877762123,
  "Panjab": 1598.4,
  "Papua New Guinea": 1383.7,
  "Paraguay": 2064.685231889859,
  "Parishes of Jersey": 1517.2,
  "Peru": 1792.5,
  "Philippines": 1318.8,
  "Poland": 1812.2,
  "Portugal": 2094.4944179943,
  "Provence": 1431.9,
  "Puerto Rico": 1342.4,
  "Qatar": 1546.7382738514998,
  "Quebec": 1539.3,
  "Raetia": 1405.2,
  "Republic of Ireland": 1884.1,
  "Republic of St. Pauli": 1459.3,
  "Rhodes": 1615.9,
  "Romani people": 1453.1,
  "Romania": 1720.6,
  "Russia": 1913.2,
  "Rwanda": 1451.2,
  "Ry\u016bky\u016b": 1465.4,
  "R\u00e9union": 1568.5,
  "Saare County": 1312.5,
  "Saarland": 1438.3,
  "Saint Barth\u00e9lemy": 1352.0,
  "Saint Helena": 1288.2,
  "Saint Kitts and Nevis": 1190.7,
  "Saint Lucia": 1147.6,
  "Saint Martin": 1264.0,
  "Saint Pierre and Miquelon": 1235.5,
  "Saint Vincent and the Grenadines": 1302.9,
  "Samoa": 1160.9,
  "San Marino": 848.3,
  "Sark": 1310.4,
  "Saudi Arabia": 1729.472931204096,
  "Saugeais": 1494.3,
  "Scotland": 1926.4826494797978,
  "Sealand": 1491.8,
  "Seborga": 1477.0,
  "Senegal": 1990.1124390740065,
  "Serbia": 1801.3,
  "Seychelles": 908.1,
  "Shetland": 1503.1,
  "Sierra Leone": 1490.2,
  "Silesia": 1505.7,
  "Singapore": 1265.8,
  "Sint Maarten": 1276.4,
  "Slovakia": 1767.1,
  "Slovenia": 1761.1,
  "Solomon Islands": 1266.1,
  "Somalia": 1030.2,
  "Somaliland": 1471.2,
  "South Africa": 1710.4923107048962,
  "South Korea": 1921.5630119672537,
  "South Ossetia": 1489.6,
  "South Sudan": 1260.6,
  "South Yemen": 1461.2,
  "Spain": 2372.0891859254634,
  "Sri Lanka": 950.7,
  "Sudan": 1484.3,
  "Suriname": 1624.1,
  "Surrey": 1520.7,
  "Sweden": 1857.8110524125775,
  "Switzerland": 2071.4369433276943,
  "Syria": 1605.5,
  "Sz\u00e9kely Land": 1499.3,
  "S\u00e1pmi": 1464.3,
  "S\u00e3o Tom\u00e9 and Pr\u00edncipe": 1165.0,
  "Tahiti": 1451.8,
  "Taiwan": 957.4,
  "Tajikistan": 1399.3,
  "Tamil Eelam": 1611.9,
  "Tanzania": 1349.5,
  "Thailand": 1500.2,
  "Tibet": 1224.0,
  "Ticino": 1374.3,
  "Timor-Leste": 823.4,
  "Togo": 1519.8,
  "Tonga": 949.5,
  "Trinidad and Tobago": 1549.8,
  "Tunisia": 1725.328723382761,
  "Turkey": 2075.779022311981,
  "Turkmenistan": 1360.5,
  "Turks and Caicos Islands": 859.8,
  "Tuvalu": 1143.7,
  "Two Sicilies": 1379.9,
  "Uganda": 1560.7,
  "Ukraine": 1878.0,
  "United Arab Emirates": 1691.3,
  "United Koreans in Japan": 1495.0,
  "United States": 1963.398668182064,
  "United States Virgin Islands": 868.5,
  "Uruguay": 2002.5031546171738,
  "Uzbekistan": 1789.2526000168598,
  "Vanuatu": 1380.7,
  "Vatican City": 1386.9,
  "Venezuela": 1861.2,
  "Vietnam": 1441.7,
  "Vietnam Republic": 1294.7,
  "Wales": 1792.3,